source,target,distance,time_ns,relaxed
1516859209,3006856855,6460,71947500,325377
460404157,294733430,903,1290542,5869
4194388185,3398603118,18606,179422875,1038850
1235136313,614396322,11343,110806542,550794
1218053534,4202689847,1337,2509208,17715
4890334323,1036613849,4749,96399083,345246
295078558,318115712,863,1327792,10425
1596568073,260108935,13634,176272958,985639
305705156,1583979659,2142,11693417,90195
309772317,1264999858,19026,215666875,1132459
388004401,444741419,13805,97288750,625713
3635719741,1756570161,15249,122224125,782662
279160910,2465833276,9585,45829125,315181
2027842689,2088147591,5544,32275833,212858
202876223,712159053,9129,119151333,722528
2410759326,87285667,2955,17898500,127265
252436675,410063712,14355,271503875,1099591
2887340536,484698639,7907,84911834,430789
281898894,403147391,9501,193535583,836610
3762081099,2661346557,5671,43785125,247251
1370086128,2378833281,14201,230801708,953991
1128777933,2149103585,5319,41403000,275459
107392872,3076472452,16433,211696875,1157060
1699270920,371780883,8902,74091959,428718
2680197109,1724792,2322,22421958,157154
4602713515,670666396,5032,53490541,348194
1232919457,3520798794,2735,3405625,25284
2776380679,311603653,4527,51525958,343033
2459588604,3698777349,6932,107806042,523134
1222226765,2054834830,2337,9984250,78457
73316842,722949459,16352,175918542,946094
3891040212,3561924493,4375,44218708,297236
4177631584,348622117,4734,47581417,313851
1141256477,30097922,4952,31312875,211912
31389427,5034342468,3400,33988709,213043
1134028043,281235846,5674,80563500,471965
252618924,656071893,8299,154871333,754328
4258489392,1149417416,14282,187699375,990335
403419124,20946303,16179,215034417,1084181
30411698,1098758108,5690,40759833,284545
1750260168,435046208,2931,15132375,106172
267948226,313957711,10581,128195125,769317
466294792,430859601,3215,25732542,186645
1980088821,250229191,5385,30485416,206791
4846283587,2422270545,13272,127798833,641947
1125684997,259983927,20064,205514875,1168667
270091463,394352889,14118,186785792,1049308
3476268021,292486133,16158,220368625,1018683
2276119273,587703084,6962,30969084,208293
4999199796,3341699844,16666,205714084,1154461
190717168,860553508,4892,52054667,343261
2305021737,1104297590,1321,2529333,20256
2990545269,1539932585,10243,122338500,746825
334244208,293892082,8844,87040667,440876
3253922884,5310333353,3338,26304375,192061
1096242146,1832881646,8092,89985375,548003
2493603024,280593015,3654,26197250,180397
3707639488,312487820,11673,82960875,527313
1234960408,685330817,13142,103104709,637241
2388294448,1086032676,21761,233846917,1149606
26198072,1064928812,1964,12568917,86531
32629307,3645512279,15764,108777541,673414
685331542,1093864166,11915,152388083,844383
664606182,281382106,9909,159544667,873146
1316460957,4935123342,9808,105341250,649530
2709031304,1271367820,23017,215630292,1081816
4860703859,440324142,14084,184246250,1049289
4195971788,870415052,13447,168893875,938593
95248066,1158109569,11246,123476792,564202
2520774337,5060556617,8335,117487833,679830
34570622,306245578,8958,122569750,746016
282651557,4368467213,18941,219061792,1167318
464238835,3034207224,3524,18924583,133432
1227896729,1137460596,5021,41383375,280627
4871267799,1269035088,9112,75164708,463359
2381463184,2811645416,15611,110913042,718497
2093234477,389078426,5924,69049541,317126
1297804187,2381790172,10406,123408792,682508
1583313200,1207267848,15992,166464042,914205
4348887792,3194252242,14048,162796042,908253
1352153221,1262401298,17438,181449917,1058122
1776553666,374401540,15215,166226709,803937
5306341621,310256174,13658,171983250,941978
303648764,3723733063,4082,34588666,225272
1153165531,3017035966,9447,94294959,585473
418044346,2475185374,5261,102461291,454687
3741462602,320199193,18027,167441500,899007
303793606,3397875583,3438,4575041,37448
149180545,1323378100,6367,83481125,485536
2475419146,3718850002,18806,215264083,1170369
5221939272,280593014,2451,16621750,114960
2507522525,2282880742,6331,93830083,540239
278781999,284852647,13154,89934750,582622
2064649097,556163137,9178,76832042,482159
1272527885,117592,3846,33112792,212765
1877830881,2349873762,15088,201960250,936274
249495297,1173213554,20136,177655250,1031335
3403893677,1996104796,3228,34519292,224143
1570136383,5402591259,16476,135044208,812154
3680314006,369910053,13897,208178792,1030026
1034079070,3443519169,7227,70203000,422400
1233762972,3190136271,7029,105917916,633261
313927853,3051432601,14530,195371958,937639
1324014001,281707074,9488,178481625,935540
473594054,1586051055,12618,106514625,672016
1168350377,4927543547,20784,208601167,1134065
1163347709,2423853314,4824,25600500,178316
5294658747,1169669981,15803,156146208,888927
3073204574,391146587,18611,173441958,993537
288884134,717297573,4127,11365209,84743
1722997161,4927486814,2040,3513625,27553
1579844245,1532644555,5633,107791750,436257
1144142910,2631260750,20687,188095667,1038067
1535682264,6161429,8196,119545125,717125
1583987242,27380526,17520,204222292,1169197
479246311,1676720313,5241,37042291,245107
2376477657,3712247366,16901,221829000,1046410
344870609,1164768794,20592,201122083,1140515
1707108145,271843906,10855,149614125,712253
459781301,898733693,1215,739167,5908
3330556440,281260936,5292,60461875,386333
119286695,245794872,7525,104213083,633873
4733021960,5312613623,5484,84014000,443634
1142993260,3120058021,4784,74399792,432148
287326225,493428607,4135,56506500,373239
4200198434,671532714,10476,109516459,679580
3783446585,2489387094,3582,36992417,249729
247956770,289241937,9639,151355583,820526
311811541,608653499,13868,234133875,1145845
546864598,1338797090,7650,109362959,667298
949481335,265900859,6031,56589459,364994
2070600170,4252216501,11960,176506458,987861
2372991717,26915205,19722,221456250,1140113
391104567,307398232,14320,96213083,607894
1130139158,1126297288,17476,183059542,1059453
117266,1228985511,5157,79656333,362034
611218981,2371590608,7875,85602208,469956
2790506139,76812640,11691,191344417,1025263
313316518,917365878,9936,70667458,443095
73184165,1667251576,12863,204982666,1044140
899417698,3039174039,3942,42377042,275323
918508104,4127957304,10765,191544708,1044400
2801633506,1848735405,4573,50011167,333055
2343073339,2474172952,15776,202127000,959614
287272533,1586671638,5680,79689000,468388
327493705,61105022,23676,200037000,1171373
130550362,4982960405,6552,57242666,382498
1586671678,1412400753,7990,148894667,720100
321350014,4366783443,5655,11628625,89054
671906263,4788497834,2682,9567208,73316
1148158333,476901066,2507,19309708,124772
1414879569,1224605343,6477,99769833,567807
560155475,7918301,13545,100524250,639145
1100923656,2482644538,9681,72452667,445676
1124844543,410937248,7004,42439791,281772
2485455720,258361442,16221,180510959,876302
1509635016,1415215721,17076,191368125,1098604
1102860809,1516815708,12853,174460167,903814
1458501918,1106265280,13067,127431000,771394
1296445291,2037152999,5161,25809708,196054
416000456,3627159031,4209,48347083,322147
4578419517,287029052,7495,67803459,411459
4927483704,252245366,5832,44487791,302813
296442401,2572093602,17381,208457917,1018575
2519056891,3682028655,4623,61159792,396938
1575629238,3289962660,6883,17998000,128162
1580191154,2217267351,4551,48360000,321135
1290009677,5236424986,4186,47384000,320524
1031992116,2465042979,12160,130257000,806324
2990568647,288665936,16005,194337875,995631
307406877,2942120414,16580,162527250,934082
3714796489,1682334667,13906,155451500,861381
15043533,2349153351,5209,80014625,474333
26582073,3648168451,15407,223932167,1065530
95377921,360752413,14529,163011166,930398
1127734992,279736710,10112,112658791,595576
406455542,4266373783,581,1206500,10275
26593048,1612703774,1732,15702709,112879
251549348,413914843,5455,73825875,440140
426957836,5216685217,9251,152742417,819064
1105675292,124035143,8625,85459209,511253
3256262627,4619249186,6953,88661250,378364
15043535,254258949,9513,167546833,824818
26981831,2208536115,1964,6101291,38275
1102894270,277233340,12633,163726709,879701
413370360,391317896,9694,133859375,785512
2330258924,1411315293,10216,75368500,478733
1080722294,324742487,13586,193505959,952653
293884911,2194415462,7027,49984750,340887
495486771,2411743261,17025,185851500,1065957
29216266,312113695,12306,105870667,509948
1609866366,1616870191,14474,196307125,1094070
33153439,281955188,8923,105295792,542318
3211379128,266660801,2523,9026458,69192
313285662,293507779,14744,116474000,729616
4851298271,1100808219,19172,191156875,1115063
2324852837,395804524,6237,24742292,184495
9786615,289548071,12097,155052834,801997
2701775150,679013099,4109,38428375,245635
367074314,583233954,10350,80751291,409410
1426697589,388995456,12737,132783500,761534
2762383273,252262562,6135,42696375,287355
339031397,265568586,13318,104401000,668727
1987216301,1182898394,3289,22708042,168597
373113825,2319508720,14013,150149625,830755
2033041428,1426275504,8579,53139458,372486
259817094,4934935605,10650,133500709,658392
489791410,252088081,9851,103106084,648906
4895458597,576873451,8896,56505292,368066
604694688,3316304218,8556,92209583,542219
151025025,266165069,7767,101295209,612345
1330008590,287088712,15523,230142834,1071570
354060094,3473562513,5293,73443875,421987
2989919520,4366884919,10429,187542250,1018178
923007408,435264251,6301,109399125,532752
364333509,122082335,4508,45335416,299020
1350242487,4112433537,4986,23464250,177648
4718613593,1097309580,2019,12700625,100053
370264516,4896077632,2786,7680042,58322
831905205,3036023035,4558,17602958,132777
1147522539,2975094359,19117,195122625,1057576
15043915,727567890,4504,52728792,344659
292572198,1117459847,13470,129745125,643177
3780130739,4198350601,16311,198335833,1121506
290596559,1210552965,14912,156341167,894016
533429407,2064284486,3133,7124667,53274
3378146202,1328815622,2900,15320042,111508
286982652,292946874,5854,33444584,224989
3118448604,308822076,4129,48678458,328502
1620509611,5032201364,12444,129224333,673799
4202690824,265543182,12502,122243750,772303
1593064640,307398242,9535,46410833,311557
881415446,1583088213,3010,15283208,112229
1383076535,2042049818,6904,85408875,499702
3314680434,1126400359,2112,5490666,40569
1312368562,1102708329,13747,225359000,1115977
1292337004,2817426661,3003,17266666,113009
31004173,1863685190,7183,54179208,348759
1163347683,2560613591,12891,155928042,843748
1479437841,271903992,5095,22994750,172711
277547617,1246225040,12391,94973542,529633
1117584712,293802789,4871,32114750,215302
2214440677,1158824233,7330,74159166,434496
321445329,8091667,3462,28673625,201869
1576077570,270143565,4515,45243375,300797
3555421358,277627008,13369,204107000,1122309
4511983301,1106381692,2797,15394500,111378
288992599,1582971323,5940,64060417,283537
4719285546,1089544639,7363,104895208,584376
2058835840,4519617425,3430,26623834,184959
4195722890,2203723678,3184,37629708,245735
2516115279,3783964948,7121,100354666,595359
1893903631,3474305084,10054,100174250,615587
1569589944,4718431397,15957,190166791,1089823
3942505791,1028820023,12623,96491583,474311
387464651,2600557306,15419,164101459,928615
3724876077,1575319401,6733,60011667,404163
1700287710,1189995580,19285,207448083,1071768
1087586900,413190532,3054,17179167,124407
2268248353,2586473993,13056,176149875,959718
4339308485,1581230654,9068,96845250,586786
493511581,371813117,6243,82442542,494967
264991161,34023991,12081,209111917,1088243
1181000976,295335798,6673,69878625,410556
3351406312,280229649,8661,54243375,372195
2938929229,2457376894,5324,75399708,431084
280299000,1909824834,18410,214007125,1046365
1680039974,270091414,13821,109398291,645128
2068130161,289739041,6436,53879416,346554
1907943003,1125688105,2978,13881750,99075
1198936807,451765385,10352,77232584,436808
457513321,1106290501,10723,174741875,955950
4929312309,273406746,8296,57725458,403959
255711684,387463675,8995,175030959,821881
262159492,3277378306,5438,49720750,330602
444734317,2393275141,1399,3760292,33049
3400120974,3887510233,16089,170026209,950200
2462903755,351862426,7136,55804250,368753
1517066506,5000636848,9879,139521583,681447
1885702199,2252720051,11173,182223500,975186
1573735580,1156986796,11613,176255375,966036
4176897784,274253694,2238,22686291,164893
24670702,4244830513,5151,40376417,291202
31455985,510590935,16906,172510417,879759
4155559313,1512249402,17762,203650250,1123879
1485031362,356660358,6892,82730542,485326
2515577791,3777104765,6019,65347458,405730
4511983465,261023136,7614,115194000,491784
772628155,4002839316,5755,94338084,531152
1151258644,1306485573,6976,88067084,527321
2514808583,916433236,9383,116244834,710214
369909238,3409487433,13826,101540792,654819
1020998592,4927519001,411,918958,7787
413203773,1233532008,5808,98565375,444650
3679254043,340449218,2235,20743375,153909
2475185364,4141435151,4647,50246708,336499
1234026782,4321035098,9958,130024334,792470
3262418196,2039102468,1878,12664916,97047
3905607215,308540236,14834,159164333,883028
1878146559,2370495643,13955,175928583,833518
1126426292,1271199110,18737,201910167,1161957
5031700715,2054835114,1812,16595500,115394
308443231,1261072132,1806,6307542,50019
618604138,3674936472,14605,198549791,1021828
265847068,1494331699,5739,51990291,337312
290981999,1737572829,10722,74113125,449611
3826817312,440320845,8223,120616125,724237
876198103,269740518,210,364958,2800
617761412,1096075816,13239,190799833,882464
26204041,2513054067,2518,19781416,141086
2422522050,745739197,5478,13198042,98581
3772842622,1734564307,8706,81835375,485886
376653364,5105360635,4578,17503875,127280
2801602031,2918693994,15705,196420000,1126812
30562621,3256192870,14521,99544709,643884
3100571332,1347785676,4990,68710375,287937
391513348,2480988388,4218,6016417,47230
1105392636,1298411986,10863,111841334,694794
1025509275,821372184,4165,45468584,299603
1463994198,1147043683,17759,188662041,1057513
4016880240,2330322076,4190,61524042,261560
269598200,2179488214,17805,179021208,997885
4929108044,1431194156,675,5455042,38259
547109583,308585176,13113,177582834,925000
2278045435,1849586602,14187,137726459,769669
5322913522,112098020,4530,38521500,257081
428074167,30916364,11266,163893792,894807
420808060,4927536858,13517,102585666,657962
3110937122,623942,16656,185880375,846592
332493410,3523002443,5238,34219833,214663
443877066,4119499673,14011,186006709,1046524
1274714742,1557587521,10341,127925667,776014
35328788,1256999356,5486,33368709,228425
660912056,2216066799,9531,146278250,768181
790120751,2349103802,6347,46968208,326170
250680507,628559,14938,98629833,613807
250663029,4868579148,15427,174361042,994035
313959825,4250425364,18267,214369500,1030985
1122299839,385131241,6886,101855333,582127
957671065,3437593377,8650,110920000,665492
4142462251,3509576934,12734,198592750,1002624
1107413502,190756453,5939,84662625,500543
4252219936,2659932875,6071,46263000,316179
4838968842,2338107606,2795,24443917,172401
4892539127,282014977,6484,38722625,264299
2276119347,1271199442,22825,225970458,1162536
71674935,364159810,8529,133146000,798684
1096227934,295325982,12134,152673875,846430
448897001,351864711,3417,20973875,154815
390169417,2179134416,17160,203063167,995799
3477325522,1128062690,9257,112472333,681894
469988065,3209042375,10136,56312250,389997
5116108951,844548720,14552,117876792,747793
290979176,258378480,6168,53280250,213683
1398474515,1274698732,10126,50420500,352449
279798496,4716665523,4267,5269709,42236
261160322,570283,13827,175395958,942027
31462961,505373106,16332,157073708,892201
1633683634,251738407,9884,185335208,953154
891103262,3266996432,2771,19025000,136753
1381884920,1604088183,3697,31956833,204452
279281896,70382220,10377,185083584,1023273
312403619,307941457,16591,216527125,1073615
258867952,2566209404,9331,166374666,815180
3123816553,1080728319,7089,106827792,634894
1460417753,2970375137,71,39417,259
4397118126,1079392165,6871,102397708,612657
772836688,280870283,7167,105667416,640248
1829797461,254946094,16549,197746833,966997
2428988693,1225951973,9745,162640208,878563
1114578265,2621679058,12330,123780708,778836
267246483,890474616,6889,68177667,269330
4508478774,4579139178,19579,167702708,922127
265008650,890428294,17677,191940125,1111530
1142834128,1415215756,15611,208162833,1080128
570615,2332830343,7287,57656292,377260
1033771216,112366125,6415,58412125,369213
1533888601,1105292229,7446,111189959,665176
4934266954,411667804,6047,70083583,340459
3810408190,3235286387,3735,39951542,263193
34023968,11056225,646,5886500,43156
420319887,1176678763,2327,4425791,34886
387495966,2381463114,17944,206570416,1139462
3164465008,3811075364,5085,59503291,383904
17176992,2579953706,18185,192985250,1120421
2786391675,277450099,1196,1014417,10511
1153162987,271750974,11929,125588375,783678
1278550082,2393576436,2750,18865125,137655
930000,691259225,346,502125,4510
312113692,890428292,10322,177124917,842919
4385048749,505373095,17208,158404500,899651
1114069056,409183026,4914,36667167,227174
1783081234,3216498722,8906,178981750,843267
1097309682,2897885940,5030,56757167,335053
670674054,2387130153,11551,118887041,726142
2501694026,310275258,18743,188668083,1034848
2054835129,5020165035,10616,80054875,513294
1086808074,437089449,1192,1934250,20356
3468577841,467076501,17802,173916834,988807
3266114538,1248811654,15698,192700625,943705
1172671415,437117929,10661,105074709,586363
35518478,724111523,13561,78745042,452374
882215947,280470867,1648,4850875,34662
1582223181,3901171621,5689,81412083,464662
2388294463,4902882054,8328,52322917,359471
1293973862,2066853046,2893,33591416,212285
2370730851,841150387,12986,154891625,795759
383908419,3421048221,13985,174410959,972473
224491128,27490666,15805,187740541,1051149
303793198,855542671,6612,35295250,239178
4183146908,5228844175,14918,104694375,673982
337834275,2355285811,2459,37820459,58659
2586473903,458983461,7080,39168167,240692
291885914,315981783,19271,187478333,1050287
3309755174,3063299215,3743,40049000,269971
965941673,409116545,4813,60594500,398441
273406711,5041494341,6657,76753000,457867
230116518,1931807580,7254,37585291,248260
4125266133,1860238313,20136,210691375,1101832
2342437708,1093669552,5000,41178167,266233
1587113832,2291207647,2774,23019125,162196
450126467,2611394285,4034,48178875,310851
3422178859,2332905617,12500,179994542,1008089
456342810,1100420184,7392,35173541,241920
2352340392,1402096056,10200,122478625,563440
1582402446,390070456,3118,30601917,186308
5018787209,250227924,5347,22722375,164042
3194668113,3340808185,4854,44042709,293389
387486299,2284870684,3894,16286500,110219
1125193384,319834509,18978,191927458,1106598
4377876661,8082883,10959,187536834,917572
262353951,257427428,10934,55012500,385332
450955380,3820788382,9983,124012916,751464
3498915616,1763648060,20219,193367000,1131573
256277770,725896681,9052,71167833,303947
1428129218,2353532622,18739,188346166,1029133
2566209784,2390788208,13516,156249125,866010
1893819659,288218471,3920,40504125,274719
820447533,287827171,12934,94865542,502061
901223945,280704590,1400,1979750,16671
477274281,2720470959,3576,4344292,33836
288775673,1141260755,17194,163238000,905164
258892494,1362211176,14438,197681292,1089542
2587404279,269935496,10083,110486625,483580
4209719894,861057247,4774,86006583,425399
359964647,400957996,3908,40916625,249593
529976948,173986967,976,1025459,8495
71639648,29977438,14549,177193542,1002873
1086032593,1412514333,16010,108331750,695409
289549434,1126399904,4138,12628416,97395
416620357,3785796256,8544,151482958,794939
1247495780,2082989396,8114,56511958,380265
3154898714,5123859058,6991,87037667,514856
5272071011,2656872469,14721,113952875,727433
1510041533,2606657099,6286,86021708,512181
1172142179,27113108,6945,64827375,268469
288874296,1106499839,10891,175678792,940885
361435220,265111824,8547,135694916,810326
687711906,1996716965,15867,217831917,1109943
1440920069,3269587298,9486,84651750,493366
4169897291,691259172,3766,37450041,244613
27039681,266814202,11031,75368791,470417
1199769319,4811715729,3028,24755458,180227
5049289115,3283803998,1958,10205416,87795
1595322958,2357948610,11023,80785375,494803
402664762,1224773081,3575,36548417,242279
387804055,441303580,6337,132953667,622980
1924991791,291888182,817,1638291,11214
1583979594,343240271,14647,209374167,1152097
743400098,252246128,2538,12826875,98188
860222878,1416152326,13889,187326791,1058753
1879436527,2286010345,4791,44832375,317261
1988122961,904028432,17039,200792417,1012039
4882009698,83745260,5015,20335750,144710
3560559229,2188424370,3335,23198250,171509
247936589,286982677,9871,68997750,430358
928408611,263950896,12833,186018458,1044122
3102627878,3406832302,15373,183495625,864245
289550216,5284856473,15738,163019375,900013
1676916962,1267350233,6071,45257541,301231
4180986136,4409782015,14731,126826250,720273
1691050266,1282837337,14046,129723417,772493
2647920705,1092359516,12351,130529667,791432
4560719978,268690828,16626,220103834,1062136
3031728015,1689283233,12752,174485458,862887
4864184683,351865655,9447,59996625,391496
639307014,3104131783,7994,117269042,690932
514367797,769214331,7841,113276000,687081
1104539307,272269739,17033,213142375,1079699
3220472197,1107618182,12832,176776625,940485
1590854247,303648775,11785,77904583,499239
2042049546,2179726248,12757,138594334,681480
312329746,281975296,6184,82349083,437901
3267291942,1189944733,4162,51979625,312813
281169307,288396038,14634,169608542,934448
1111591754,21063394,8940,136260958,733810
255619160,510417104,5544,77592541,445718
2876766383,3382698837,3963,42456958,254302
3283225026,1394217866,3859,46724750,290925
14962136,27130791,17668,204702416,1166209
64712599,2397013846,4886,32549375,220582
4208636798,3470915542,14911,180975125,836361
416000486,4010125699,7264,117121625,686447
480415026,2178824974,19569,175196375,1012343
2512161913,3403922889,2320,9835542,75135
246746655,1456162731,8608,43164667,301957
2632484266,1099424323,17503,174425917,859475
984427134,1092112512,11798,146980833,813660
1075498235,267369916,5882,91499375,544050
2285047066,4460533394,2105,3582125,26545
294019011,1685235943,11729,91933750,586104
1302378794,824398185,4474,16436291,117343
1930533046,330076396,10069,202359458,940811
547109598,3440132178,5750,61474583,401740
497547343,316993288,3732,44490208,280999
1114821574,4327466847,5295,18205375,126385
412057622,1987216194,5870,93644334,512053
4217822359,4788446907,17636,196822250,1090764
10706425,1983375709,11945,89407833,559737
1144142401,1879757784,16791,155461500,852208
1752931927,3941233913,16352,222839708,925951
608647125,4173955948,8324,70517125,371383
2506835607,2058835714,12269,162594875,873246
4279772466,795154766,19951,196563958,1133370
3775355512,2570413689,15873,176834250,859600
280230956,1587649360,7545,84161292,505574
30561459,303486449,4729,40194125,270346
1616662411,813750220,1562,4421250,34115
1052737643,731311262,11200,74529375,465314
3153841758,1098353796,4479,22998833,159470
367717836,3768862242,14289,205006834,992277
3965568504,262137527,12098,73537250,458622
1144431166,1119624068,13109,170871959,860096
705052448,3455421616,2513,15198958,105469
323249527,61186071,358,1047959,8161
2362695143,3339337075,18586,158435834,879997
117989,332494243,10233,112762250,672024
560011254,717727827,5778,75172625,447681
386162971,117995,8722,124060916,584314
268819909,4021042547,15443,195349125,1031202
3344788176,2395268401,16529,189596041,997000
1783343678,1152808843,12953,124785791,760599
1325760742,2790339141,7679,67688500,409524
288862125,1137569978,11689,179287125,832240
321436887,3708603819,13802,179594833,1013803
4569433058,310451124,8736,90893875,555059
2524014383,123892730,3719,19505292,145071
365956661,1120127247,7942,159792917,745702
2282149162,3241541557,10243,68856917,411602
257426808,287827182,5876,25140709,187438
1102901514,861288266,12513,158388167,886973
224380507,2063782552,13971,174859709,878092
1504268516,2942120060,1340,1752500,13132
1484845180,1123192439,21056,209233416,1172165
1771845773,339559115,8830,117850625,701533
3174516856,318238768,9745,146653333,653667
411497447,356697243,1559,2040917,14885
1019838812,2144148698,11426,185663167,1012424
556163112,4125504494,13764,209182250,1156616
366949531,493428493,7038,70167167,414444
2881032840,1633931157,9333,191679833,903257
281894466,1326770594,12242,187982000,1055877
3063299220,417816266,2679,9179834,69680
338867123,3724851949,222,511375,4534
250054742,4349105168,16304,117881375,751942
2059672147,312591620,11969,154413000,741062
4883084785,1239268329,4964,43553584,277174
94137365,3739701233,4562,41899833,271482
277532635,1578710270,2154,12918708,96402
34825101,4035288008,3804,10366083,79654
315981850,945297565,7316,58832834,399212
1594315516,2755831327,12571,167603917,900073
322831252,30434776,20271,199946708,1137121
1669468928,3576750836,2735,22790833,173470
481123391,2718828697,9154,77273084,448309
293461053,2064284523,4003,39564958,264622
272497892,1600334581,11004,165095209,803288
471781698,301056794,19940,206809250,1129652
4158227686,313366853,3254,12710375,70371
3142707474,1538435926,9107,137987792,778820
2458454808,1124844451,7978,111597000,663740
1269551050,691257187,5442,83161250,482394
928408473,2193030293,5712,58799333,393839
2063395811,699179263,13050,155144667,799423
3937678854,2686633432,4130,11945500,92459
3721695661,16287516,8478,96526583,591711
464237608,2497583440,8217,102086791,619316
1785703645,1105109281,2143,6107792,48268
5258030964,2844117690,10125,129182708,782416
2343649316,1138883143,2850,26415166,191748
4955386062,4847380473,7510,129992667,559661
502334860,1230409606,12301,169715291,905772
322505904,1469822477,9445,72807041,444126
1411519565,1577081194,10824,190003167,973088
5266327846,269165967,6355,92993625,551930
1352341226,392631840,17231,183816209,1065447
1699732935,4688391741,1308,6433875,50838
27135985,925858396,14157,108579459,690466
3205362676,571346114,4833,87191459,391742
1571237999,87285680,14129,196093083,1066080
1306044624,809733632,7048,37705625,252527
5031978017,444424600,6334,85519625,500269
3076821869,268692712,1463,7105708,55094
1996716930,3447875429,1654,14979334,106476
2338495009,2492396021,13165,102477459,655738
109803885,1101887043,17074,238367250,1175110
5388991442,1228448240,13989,86692833,556086
1477347790,3827108470,14113,199167625,1135216
289549253,4208635124,17899,197073333,936511
280718863,113581105,9691,106132375,588296
2599610024,2990364104,10242,101982334,601796
410937239,1149258074,2848,15374375,106757
447840943,1485187690,7329,132984041,673142
63757757,1087084194,19780,198922125,1153130
5045148952,1304250267,2674,24983209,179982
4233387618,252111235,11518,204626667,936036
243048968,1081949256,13588,110213959,620725
881236330,706454247,13128,130011250,766855
504929078,2670676622,11843,101095084,640060
224416934,1222321769,12775,150263375,817766
459829270,4927537226,13924,234950917,1120039
2776380388,2045255380,12161,163652500,892435
2319014374,1977122407,14755,193742583,1089300
2978131147,727307960,11972,150836958,685619
270457578,670671910,10814,129391334,764536
290625644,316254775,11754,137575708,729533
4703998180,2267434505,2478,4146917,29838
702941659,292945925,3595,21818209,152473
12982506,1431081401,4340,18084083,128881
1121892252,2217267303,9239,119896500,724542
2397780064,2427958736,13077,202013417,1103344
1153395777,3771825672,12964,221449625,1052630
4926851233,2242621695,14513,229329459,1161868
1427489393,3903709037,11031,162764084,863150
14835457,4513737680,15305,180972250,1024274
4929390598,2983242334,8597,184981583,818032
3196013474,253942869,543,464542,3445
47056812,798578774,8716,43290708,282728
312487819,635320137,7586,101611875,602524
97991105,1082833359,5790,57011250,378371
1569970492,1841964231,16402,226582375,1156124
279828688,3962447236,4627,25508292,178296
343473437,1456757493,13137,165670542,839422
27113046,968513831,6749,119533667,691251
409589109,2661361815,5347,31483333,206013
307824048,111720882,3135,8026541,60496
4100072480,288752404,6080,44116375,299479
1576155373,338408663,4533,62173791,312787
304137906,3474305658,18373,182877792,1057480
1630549569,1404517889,11076,155237208,849754
4558336555,1216918790,20547,195487083,1134642
4237339002,1600079374,4879,77062625,289076
317191228,1690463349,10386,159663416,829431
757470354,573376709,9291,172012792,919655
411667989,358952034,6176,90235542,531428
605019162,1587137794,7802,79556875,475806
2430493259,351861450,2179,15871333,111191
1064956172,383801529,1665,15347250,107072
284828629,1164866637,9002,157059750,759707
1495655990,1355591294,13126,93122417,592912
624313202,2062275335,8419,103587541,613069
732923685,4895813497,8221,131421875,782698
124166301,1126867482,8474,167211750,786330
881236325,1342328198,20151,191099917,1089318
2346905724,3701570916,10920,102641792,540532
2084200435,410838918,12105,78857625,495667
930395932,5076571984,676,242208,2003
292460460,333177953,15366,102140334,657105
1170903192,1107711977,11793,151516000,814517
3200315935,1430826546,7587,49764958,335215
1177482946,97755637,11015,158659916,749237
5166024951,272497856,8178,73199500,430942
1467514281,4165598106,10365,76819875,468262
1819742948,4095982099,10885,128122834,776421
60691945,3487727555,11844,162072708,881410
1276523534,3047325766,10996,123565042,571292
940003299,497787508,484,523459,4548
5387579188,1119629040,6363,46605459,306844
746346175,2372992044,8599,128119458,741289
4436827517,421432249,15006,188145000,1061951
2523283785,2265558042,16465,182426542,852665
1747631224,4665203181,5598,29217125,199236
300082656,2370495719,14619,151077209,834123
4142243489,2520774368,15790,165452042,866916
1205895880,290649218,8901,98872000,596243
1893903809,287827087,5082,17892167,128973
2249899029,494608109,8003,116564792,687896
1570184030,2282323473,13994,85205000,544998
3092851657,1928056404,8612,82825000,382666
4520459738,1579915652,15207,115914708,685699
2091955325,3936192846,14073,99389208,624901
535621777,3327703423,10518,72746417,417623
274236283,1377234986,5480,61026209,394334
290596560,310753647,1914,7635375,55528
2589609286,2478254204,9684,77365958,471966
1126222755,3365983869,10596,123555958,742222
1122112360,1117236357,4309,60988916,217874
31405344,3253923040,15326,167883417,925472
5223751661,3188792815,13248,153335000,831197
125427,1264185927,4696,40241750,270341
1269551209,2355684786,10745,191335250,874045
1094514476,309764796,11941,164456167,816853
1121596981,364157730,3553,11042500,77294
3656785663,25231061,4585,15751708,114486
1385084278,491588494,10030,90141667,522229
1907662335,2351968113,3312,43130500,187141
1179228548,3147939528,2153,16221083,111419
279832996,1317298376,19091,167720709,926898
4029834811,366531074,18727,190036584,1079596
256189417,2393882593,8220,49563959,316040
3476267913,5355382931,2562,5844291,45427
3673086924,2229206155,11826,207684875,932076
8459777,1296626538,15652,154096667,851191
149125387,880403950,8881,135252500,795917
3797652229,4002835479,14300,153704125,857723
715711593,3462017367,8317,155854500,743590
2415180994,1179589275,7522,107966167,646792
21508557,2181401742,12976,153924166,826714
5093861473,1101612133,13470,192323917,874873
321867657,2010367665,5511,47180083,319144
540399926,2513294545,18123,221791791,1173990
60890410,2446832836,2072,12546333,94532
1187639787,1410360888,3231,16090625,108545
3783172354,1187043478,1717,1345500,9925
251739770,243048047,18451,177458083,1007908
608624705,30434716,20879,199486000,1135171
272855640,259797555,7404,80404292,365087
1110854698,3468594849,8875,128228584,687419
1150611776,4943438488,10956,130911209,744155
2641818612,60108309,16148,203794625,1159455
1889544517,311181238,11157,102466209,612156
2586965320,2556074280,5159,73401833,418435
411270746,45042808,8572,161428041,763974
2962359865,1092407735,6591,46075917,309793
2194738788,5370003664,6966,92556000,522882
303931139,339250102,17397,183512000,1046281
104925540,14497858,7666,47739667,164288
258584714,3505312121,2240,14694584,104012
305978189,2817897662,14003,127028916,752097
3104057954,1134277375,16882,175509791,994539
458983463,1080381219,17084,215558000,1152511
1579405463,2566839121,15139,117556792,745785
1411617192,413707515,3878,28353916,202816
28848747,4319928397,8319,48430834,334695
957292805,1252438243,9788,115410792,692294
1207621228,1164868069,5745,19750916,146378
31829182,1688939665,3388,50279500,199570
32996821,290502982,5891,96812625,521485
3789973405,1202766232,11529,165358000,832062
1123888201,4154186305,13621,161976625,891182
5408487937,4354800862,8346,119856042,713910
413709451,2032261931,15641,186490000,1032884
1015000236,147451,10504,219645666,1011427
254585763,1187221160,2584,22070042,157304
411273872,8084679,14191,191308875,1076441
624549209,285887565,8879,194897084,890498
21455270,5037699267,9716,76392541,454019
26026743,4016880194,2312,16979667,115643
1227324190,514309828,9805,91737458,474693
1569969855,351864637,5158,58185791,375592
1714706046,1380683006,2045,5865042,45780
1122550748,288030689,13556,156778209,834809
149198645,1203068567,3365,20763708,141725
1829480953,311166685,9386,134737917,803898
391525690,480997966,8706,50709208,308245
261030679,2059672306,7691,154501416,746216
2598980876,375589401,13152,177899250,966567
767547764,1187220792,7625,110426417,654309
124503461,1961193631,14996,176152792,977774
4140432366,3580026466,14963,215466084,1042579
1195317092,351087976,5776,46844083,326255
8085012,1068482558,12314,81955875,516027
1267087124,5351351503,8474,126049041,743907
2346508892,25256980,3482,44489125,156180
3729974946,1418539549,10599,120523916,699233
1601440436,26672549,18386,195939458,1117001
1224506171,250380133,10397,99949083,535765
417198064,1429065809,6204,90955250,537183
2917412853,1417629578,8086,121105500,715403
1129369839,484762204,18533,126276333,798697
1128414083,1559558544,16897,220127333,1062095
2514808767,4858602773,18103,218423084,1152036
1091205487,1181345645,8298,76924000,458965
109803880,1612703948,6481,51548500,347093
2072572082,1562386492,6678,28584417,202850
277628647,4995403609,7424,33799000,224088
2061373846,2456155623,4689,42760083,287423
566364078,2888071301,19216,201638208,1037513
608133629,1231103827,9708,130408583,777840
1242371996,223258575,14061,116467875,723090
1109308104,4186939081,19107,206548042,966633
1411329675,4955344242,5390,108606167,551140
3657801298,566199561,8577,99279583,563335
1747315639,265553229,8439,90204917,519711
4093647768,230089895,6328,47602167,328193
1102866599,1689548715,2612,13971750,103775
576698732,416326710,13144,168180167,837403
4433123747,2476357416,1856,4595250,35074
1283394876,332493409,6905,106371250,619650
4428260306,285884733,20778,202083916,1103641
271243293,4294295718,9596,213772792,946164
291965662,1410755043,610,324709,2385
2830834223,253775741,4293,29712166,179006
4534588682,285884620,1062,9430833,56934
1128084736,251194892,2134,2515125,18378
271923269,4775918723,12671,122964875,674940
1188979632,4125266397,11088,126858458,756666
5281037887,1727204771,5185,32981584,208736
262197628,3316304442,4605,74739959,429408
434134718,1397991245,6365,17716292,127197
1138763671,5030971260,5892,23076625,161699
3878368702,1345592284,12477,202996458,1025877
2322793836,4778520400,14518,196700708,1078168
5299795914,305717022,5871,38080167,245170
29216258,1287145427,7642,52334542,348671
1578752502,3817360583,599,1267166,10606
3417507050,3957216011,15440,234382875,1150336
3673871049,770318791,4374,12100334,87636
443052935,27349164,694,4488666,33176
7481061,443880093,14078,108300500,631519
1611478812,4954186450,6423,37511458,230734
280455883,4955362693,7670,122013458,707660
1066061546,3859880455,11580,196784833,1059111
1166932645,34002201,5278,62291959,267851
282018611,3720449090,6868,103921709,603399
2362720293,4910920410,13104,106396167,663943
4274467193,503726722,3553,22755250,161648
1175487286,1088186812,11022,112887917,675927
252587176,1170674582,6930,99364209,594341
130548803,1342979240,2280,5206625,43566
408434339,3280610534,3399,32830625,213101
1906695223,792538742,4777,80436333,340296
416002684,2515937100,3290,34740584,231752
4955394537,290284169,17399,176685209,964017
28785044,665829364,9914,104512292,628366
2990545083,389000653,10964,133181125,797574
4875732114,446305576,14835,99765083,627918
1036434865,1483749216,9271,134372791,809673
1142943968,5234514283,2294,4673958,36966
1823411778,3639852718,2438,12000875,92971
4775918732,1190350042,3067,52877500,132509
5368286549,1165651831,5192,30493583,205696
4886591161,1680736103,15504,187202583,1046393
2377210741,4320933420,6226,93866666,553786
624596795,798613487,7804,102807959,609974
30146331,1562892894,9228,78604833,369886
27039685,1426943811,13400,104509542,619526
1139337460,60885252,14323,123341000,740424
262368317,4194628783,7657,24381083,179102
2893681112,2598009453,8319,39498000,266434
414114342,3476471959,7279,90590500,533267
271320932,2334273177,8627,118577167,611253
3791027861,957836722,4380,47899125,305917
2992211111,3762046674,13447,159851917,869051
1110810739,3221870005,8989,164520500,850131
1125412900,3038279773,8100,72808791,424606
1093669951,4339307750,14314,209090666,973020
300854104,866871599,15882,160870125,869125
1278438410,2128141763,7537,54453541,360779
105000954,251075279,4167,9139791,75160
2300233209,71535670,3432,28929084,202696
1587159452,4927550347,6585,35022250,222752
1175869850,2301768702,7016,82353583,486414
27113220,3073272349,2657,48170125,196127
1761519473,264991011,4219,19100166,134393
1601688515,280276690,11081,160938584,856085
359969293,2374683346,14912,151783500,828338
3474815712,516553767,5329,43807500,280546
2566209691,411273954,10854,122193125,603808
279736617,283136201,8268,127520958,709072
1948125772,30945242,15042,113525917,696095
2520774249,1213393385,5576,47336459,299475
455573328,2457667664,126,118833,898
1834669018,662560637,7257,133677875,687521
1097006012,1926705277,16779,196841625,1120877
1390180356,283765000,14338,199906875,1122004
280950552,2939234275,4659,37179917,235247
1786846403,201410044,8345,165028791,747266
490368186,4108811862,6652,87619375,507421
1569589910,351864566,8405,60116875,400543
1577434618,281781089,3683,23484917,166383
1130987984,2372774908,14534,192957333,1091013
1689283168,4482818086,4207,31211209,207204
4749436502,4469386372,11991,186339916,909536
627009154,2524014390,1478,4885750,40143
1226039976,2117478877,2199,8349958,65845
1326925876,1298675088,6702,55336917,378512
1622480578,1186589065,1159,3844917,29662
3476471802,192744114,3274,12152375,89736
4129975631,1426857821,1942,5625083,43715
2868600894,1597760771,7927,71944542,425618
1561610720,875899723,3696,38964625,257136
29972551,1123151519,12883,173618250,830106
4713940028,681680137,15817,197584542,1042096
3017793636,1618911854,12770,176702208,974484
1531096573,1175270634,17777,202565959,1046226
1681766235,1025742049,464,2048834,15467
664755705,333993042,7223,81237917,472093
587687076,2272963562,6170,42049375,276143
26202815,2619629347,278,125417,876
2500332251,660910371,8129,90488542,534214
4316785695,1582293904,17270,196672917,952496
3504665531,1452693907,10473,143018209,769645
747276836,303648775,11248,88653000,499253
1063760878,570504,1847,19279250,134909
2334818732,533774136,4103,34793833,220035
287309878,1622480757,11588,84334375,515159
3267683031,30554881,1566,13797625,96828
279727728,457556488,2447,12081625,90352
442905002,94049646,1766,10025334,74290
798192586,269938957,4081,62249875,208244
34016738,450331227,1049,2356833,18729
2789344537,1405233558,4769,12621000,95992
2306872648,4778520368,1693,1786416,15537
882213079,1296837606,2471,9456208,70372
224491339,149125372,4930,25456416,174580
27164336,288136568,5789,41016125,267648
1125180329,2623448660,3119,22937334,163001
1116342869,341957240,8227,35132375,224259
339249572,1216918473,9960,87184417,525441
2512547511,3244258139,4215,40285875,263313
4401232812,2047035042,8053,39728917,270216
3379333403,15043918,12194,79151500,494839
288795298,2788510479,10632,158652375,805070
421869892,70363644,19809,180363625,1020523
301150329,5351222891,10760,69193167,414848
339231982,1125426384,14399,91260584,565332
4180482744,671485672,5102,36172791,218559
1174036098,288136434,13373,226984625,1094023
2331621308,529433939,12789,102229666,645091
510591057,1288144253,17158,201256125,1154313
278500081,3255541539,11118,121484375,488542
1212316654,13350868,14630,168820417,850266
4384307701,2538739088,11693,130588959,763358
4702314637,3854493326,9167,78732666,395959
264515552,2705939346,6467,88996750,504973
261727623,1631821440,4211,64307083,395029
1098353815,4738358690,2242,8731375,66287
4371196219,568557660,17856,187712875,1067264
1099704276,4195690538,15672,191078542,890725
308821345,2305565704,14839,181446250,878862
2273397871,2140013324,7318,74958750,421686
1027101218,1984698082,11960,198974458,1103153
4378531973,4872933659,6592,94041083,559041
1784882791,27166640,2731,25488125,180221
16287487,1600334562,9310,132128500,616940
371832484,3256262549,3975,34404083,223384
2252644035,17923930,11881,84703083,532957
1164030405,4818098607,16872,185470833,1015536
4443384475,306245428,7316,63585375,406499
3962447369,1624037669,6030,106518375,439735
1216537942,1355318130,1642,2789208,21098
1268120047,405145615,4048,37934416,214463
1038264123,3231556708,2834,21395292,152875
2514485905,1105391230,5233,64576459,404365
273409991,302773466,8030,121057833,718247
1290807598,31736690,15762,136645916,803685
352709436,284964955,13204,201118458,1122928
308667844,1814161207,8543,115712458,688258
1224776053,2411230520,15809,201304333,924240
3310153924,1262419400,4275,38293875,246018
2618540317,1352908268,3001,25451917,169633
4718194409,3756174656,5480,40260458,242832
1235136212,27039700,20218,195822042,987907
3577417298,569633284,1836,13728208,99250
289888654,4927554942,14617,120545167,746972
1589152956,1107651395,8230,97309875,566788
34016723,417916605,13498,113866833,713938
4842245802,4128797994,4518,14908000,102122
430787225,1699256732,19644,199645125,975429
566611952,2928431535,4155,46532834,299392
287940622,4548857272,8175,50097667,345662
250351025,281443909,6275,56548125,363959
4142848850,2386852860,13294,228113458,1156852
1725602719,4927554580,7831,123932334,693897
4785282874,1296626353,4685,62131500,392029
1802654578,1911929057,12562,81664625,509498
1379388012,3910395548,9163,121461083,724100
3096329096,211486192,9294,103361917,518530
2423362925,3306151734,11748,126681541,744447
1579925228,413221586,3334,25170833,182224
1893903628,321437326,10197,104623750,628554
3583904909,3887956364,1372,2294209,18684
570523227,262364863,6963,54649583,372976
2252084179,4955440898,11911,218351750,1033482
1096227957,3447426345,12970,186381417,929478
2516115319,27137171,14463,176634292,963332
387463693,4202690790,14333,162115875,886215
1100516449,1192936756,7151,90018792,521486
1277586291,4668696167,9659,197472667,837401
1496636891,4509222223,5749,90107334,528166
2831828892,1280534520,3327,25113166,177819
1743221645,1768659022,20408,189853542,1098664
3827108479,1801254767,4951,20878084,152561
1874648796,1105111284,18039,208495875,987559
1635340233,571330716,8695,157622083,821653
3604593867,3762015038,14300,211436125,1094101
3897417111,2397779991,6150,78496917,451770
1180493822,477274665,11102,158994792,844402
3283225023,1622508627,2988,25627333,176491
